<?xml version="1.0"?>
<quiz>
   <quiz-title>Quick Quiz</quiz-title>
   <quiz-description>This is a simple quiz.</quiz-description>
   <question>
      
      <quiz-question>What is the capital of Canada?</quiz-question>
      <choice correct="true" >Ottawa
      </choice>
      <choice correct="false">Toronto
      </choice>
      <choice correct="false">Montreal
      </choice>
      <choice correct="false">Vancouver
      </choice>
   </question>
   <question>
      
      <quiz-question>Where is the Sheridan College Davis Campus?</quiz-question>
       <choice correct="true">Brampton
       </choice>
      <choice correct="false">Toronto
      </choice>
      <choice correct="false">Oakville
      </choice>
      <choice correct="false">Vancouver
      </choice>
   </question>
   <question>
      
      <quiz-question>What does HTML in web development stand for?</quiz-question>
      <choice correct="true">Hyper Text Markup Language
      </choice>
      <choice correct="false">Hyper Text Transfer Protocol
      </choice>
      <choice correct="false">Hyper Type Mail Links
      </choice>
      <choice correct="false">Hyped Tennis Mail Lighthouse
      </choice>
   </question>
   <question>
     
      <quiz-question>Which color is NOT in the rainbow?</quiz-question>
       <choice correct="false">Green
       </choice>
      <choice correct="false">Red
      </choice>
      <choice correct="true">Pink
      </choice>
      <choice correct="false">Orange
      </choice>

   </question>
   
</quiz>
