 [
	{ 
		"name":"Au Bon Pain", 
		"city":"Cambridge",
		"website":"http://aubonpain.com/",
		"phone":"1-800-825-5227",
		"image":"https://dbgcbnch6yz43.cloudfront.net/images/pictures/files/000/022/034/original/AuBonPain_Logo.jpg?1391518317",
	    "longitude":"42.370351",
	    "latitude":"-71.113588"
	}, 
	{ 
		"name":"JJ Japanese and Thai", 
		"city":"Mississauga",
		"website":"http://www.spoonandfork.ca/jj-japanese-and-thai/welcome/",
		"phone":"905-567-8882",
		"image":"http://www.spoonandfork.ca/wp-content/themes/SF/spoon_styles/stylesheets_jj/images/logo/logo_jj_retina_top.png",
	    "longitude":"43.597813",
	    "latitude":"-79.735611"
	}, 
	{ 
		"name":"Lazeez Shawarma", 
		"city":"Mississauga",
		"website":"https://lazeezshawarma.com/",
		"phone":"905-363-1818",
		"image":"https://lazeezshawarma.com/wp-content/themes/lazeez/img/lazeez-united-by-taste.png",
	    "longitude":"43.599658",
	    "latitude":"-79.712966"
	},
	{ 
		"name":"Taste Of Punjab", 
		"city":"Mississauga",
		"website":"http://tasteofpunjabltd.ca/OurMenu.aspx",
		"phone":"905-654-9478",
		"image":"http://tasteofpunjabltd.ca/img/carousel2.jpg",
	    "longitude":"43.692755",
	    "latitude":"-79.697099"
	}
]